Datetime,User,Tweet Id,Text
2022-12-25 11:02:16+00:00,TommyWang2211,1606968564254404610,"@LuxWorld_ When #LuxWorld combines #Move2Earn and #Travel2Earn, it will be a big boom."
2022-12-23 19:30:56+00:00,NobleMoody_357,1606371799872438272,"#GetFit #Move2Earn #Play2Earn #Travel2Earn rewarding you multiple crypto currencies for exercising, pilates, running, sports, swimming, walking, water sports,workouts &amp; yoga! https://t.co/y0hkgaNKVp"
2022-12-21 18:18:57+00:00,KnShayeMedia,1605628909902368769,Let‚Äôs Get It! #GetFit #Tagcoin #Tagprotocol #GFAM #Move2Earn #Travel2Earn #Play2Earn #NFTs https://t.co/0101zbmJdQ
2022-12-20 16:02:15+00:00,sandy_carter,1605232117494988802,"And another amazing @unstoppablewebpartner - @ArivaWonderland!

You can now use Login with Unstoppable in ARivaWonderland a unique blockchain travel game that lets you travel in time and travel2earn !!!!

‚úàÔ∏è Now boarding here: https://t.co/gzJmdOyFJf https://t.co/cKSuwaTwjM"
2022-12-20 02:00:01+00:00,GetFitMining,1605020162385534976,"1‚É£ Follow us
2‚É£ Retweet
3‚É£ Tag 3 friends &amp; comment below
https://t.co/ge8m1waH7C If an advanced #exerciser or just out for a #walk, #GetFitMining #rewards all of your #MOVEMENT  24/7 with #Crypto Mining Rewards! #workout #cryptocurrency #Move2Earn #Play2Earn #TRAVEL2EARN #Bitcoin https://t.co/MLAxDw5xog"
2022-12-20 00:00:01+00:00,GetFitMining,1604989965426774016,"1‚É£ Follow us
2‚É£ Retweet
3‚É£ Tag 3 friends &amp; comment below
https://t.co/ge8m1waH7C If an advanced #exerciser or just out for a #walk, #GetFitMining #rewards all of your #MOVEMENT  24/7 with #Crypto Mining Rewards! #workout #cryptocurrency #Move2Earn #Play2Earn #TRAVEL2EARN #Bitcoin https://t.co/zaT7LooSqQ"
2022-12-19 23:00:00+00:00,GetFitMining,1604974859829727232,"1‚É£ Follow us
2‚É£ Retweet
3‚É£ Tag 3 friends &amp; comment below
https://t.co/ge8m1waH7C If an advanced #exerciser or just out for a #walk, #GetFitMining #rewards all of your #MOVEMENT  24/7 with #Crypto Mining Rewards! #workout #cryptocurrency #Move2Earn #Play2Earn #TRAVEL2EARN #Bitcoin https://t.co/SEH2YHF5bQ"
2022-12-19 21:47:24+00:00,GetFitMining,1604956589575782400,"1‚É£ Follow us
2‚É£ Retweet
3‚É£ Tag 3 friends &amp; comment below
https://t.co/ge8m1wsiwc If an advanced #exerciser or just out for a #walk, #GetFitMining #rewards all of your #MOVEMENT  24/7 with #Crypto Mining Rewards! #workout #cryptocurrency #Move2Earn #Play2Earn #TRAVEL2EARN #Bitcoin https://t.co/JLTKdkvic7"
2022-12-19 20:30:00+00:00,GetFitMining,1604937111718731780,"1‚É£ Follow us
2‚É£ Retweet
3‚É£ Tag 3 friends &amp; comment below
https://t.co/ge8m1wsiwc If an advanced #exerciser or just out for a #walk, #GetFitMining #rewards all of your #MOVEMENT  24/7 with #Crypto Mining Rewards! #workout #cryptocurrency #Move2Earn #Play2Earn #TRAVEL2EARN #Bitcoin https://t.co/0P1lTVv0JG"
2022-12-19 19:00:00+00:00,GetFitMining,1604914463110443011,"1‚É£ Follow us
2‚É£ Retweet
3‚É£ Tag 3 friends &amp; comment below
https://t.co/ge8m1waH7C If an advanced #exerciser or just out for a #walk, #GetFitMining #rewards all of your #MOVEMENT  24/7 with #Crypto Mining Rewards! #workout #cryptocurrency #Move2Earn #Play2Earn #TRAVEL2EARN #Bitcoin https://t.co/23oSkY8ChD"
2022-12-19 18:00:01+00:00,GetFitMining,1604899367646687232,"1‚É£ Follow us
2‚É£ Retweet
3‚É£ Tag 3 friends &amp; comment below
https://t.co/ge8m1waH7C If an advanced #exerciser or just out for a #walk, #GetFitMining #rewards all of your #MOVEMENT  24/7 with #Crypto Mining Rewards! #workout #cryptocurrency #Move2Earn #Play2Earn #TRAVEL2EARN #Bitcoin https://t.co/VqqHwMYKzQ"
2022-12-19 16:32:27+00:00,GetFitMining,1604877332698759169,"1‚É£ Follow us
2‚É£ Retweet
3‚É£ Tag 3 friends &amp; comment below
https://t.co/ge8m1wsiwc If an advanced #exerciser or just out for a #walk, #GetFitMining #rewards all of your #MOVEMENT  24/7 with #Crypto Mining Rewards! #workout #cryptocurrency #Move2Earn #Play2Earn #TRAVEL2EARN #Bitcoin https://t.co/E8BqCjcSYv"
2022-12-18 14:32:49+00:00,Cryptos73941850,1604484836768772096,"Would you like to pay your #holidays with cryptos?

$DBnB @DecentraBnB is the #crypto #airbnb! 
- #Dapp already live (new version is coming) 
- #Travel2Earn is coming
- #buyback soon

Don't miss today's AMA with @MajesticDrama @Eric4thCrypto @MoeFarmani

https://t.co/VA1ifKgxCo"
2022-12-17 08:05:59+00:00,KnShayeMedia,1604025100654837761,EVERYDAY! Just Sayin‚Ä¶ü§Ø #GetFit #Tagcoin #Tagprotocol #GFAM #Move2Earn #Travel2Earn #Play2Earn #NFTs https://t.co/nkuskcajRO https://t.co/eeikGPSKWq
2022-12-16 21:30:00+00:00,GetFitMining,1603865048656461824,"1‚É£ Follow us
2‚É£ Retweet
3‚É£ Tag 3 friends &amp; comment below
https://t.co/ge8m1waH7C If an advanced #exerciser or just out for a #walk, #GetFitMining #rewards all of your #MOVEMENT  24/7 with #Crypto Mining Rewards! #workout #cryptocurrency #Move2Earn #Play2Earn #TRAVEL2EARN #Bitcoin https://t.co/gV5QOqvrxs"
2022-12-16 20:30:00+00:00,GetFitMining,1603849947413094400,"1‚É£ Follow us
2‚É£ Retweet
3‚É£ Tag 3 friends &amp; comment below
https://t.co/ge8m1wsiwc If an advanced #exerciser or just out for a #walk, #GetFitMining #rewards all of your #MOVEMENT  24/7 with #Crypto Mining Rewards! #workout #cryptocurrency #Move2Earn #Play2Earn #TRAVEL2EARN #Bitcoin https://t.co/dyuDkpDx9y"
2022-12-16 19:46:14+00:00,GetFitMining,1603838934215188480,"1‚É£ Follow us
2‚É£ Retweet
3‚É£ Tag 3 friends &amp; comment below
https://t.co/ge8m1wsiwc If an advanced #exerciser or just out for a #walk, #GetFitMining #rewards all of your #MOVEMENT  24/7 with #Crypto Mining Rewards! #workout #cryptocurrency #Move2Earn #Play2Earn #TRAVEL2EARN #Bitcoin https://t.co/ae464eNzWa"
2022-12-16 17:11:30+00:00,unstoppableweb,1603799996104589312,"3/ You can now use Login with Unstoppable in @ArivaWonderland, a unique blockchain travel game that lets you travel in time and travel2earn ‚úàÔ∏è 

Now boarding here: https://t.co/FRzgUkahAa https://t.co/63nUrZJ1R3"
2022-12-16 14:58:13+00:00,Abhijeetcg,1603766450862575616,"üî∏#Metaverse has the capability to transform every sphere of our society 

üîπ#ArivaWonderland will unite #Metaverse and #Tourism 

üî∏#Travel2Earn will be one of the ways to earn $ARV as reward for travelling and taking part in activities in #ArivaWonderland

#Web3 #Ariva #altcoin https://t.co/iou9Q7zsmu"
2022-12-15 22:00:00+00:00,GetFitMining,1603510209284022288,"1‚É£ Follow us
2‚É£ Retweet
3‚É£ Tag 3 friends &amp; comment below
https://t.co/ge8m1wsiwc If an advanced #exerciser or just out for a #walk, #GetFitMining #rewards all of your #MOVEMENT  24/7 with #Crypto Mining Rewards! #workout #cryptocurrency #Move2Earn #Play2Earn #TRAVEL2EARN #Bitcoin https://t.co/HIqNGZEE9g"
2022-12-15 20:00:00+00:00,GetFitMining,1603480011217899521,"1‚É£ Follow us
2‚É£ Retweet
3‚É£ Tag 3 friends &amp; comment below
https://t.co/ge8m1waH7C If an advanced #exerciser or just out for a #walk, #GetFitMining #rewards all of your #MOVEMENT  24/7 with #Crypto Mining Rewards! #workout #cryptocurrency #Move2Earn #Play2Earn #TRAVEL2EARN #Bitcoin https://t.co/bVkJdcOwuK"
2022-12-15 19:00:01+00:00,GetFitMining,1603464914760306694,"1‚É£ Follow us
2‚É£ Retweet
3‚É£ Tag 3 friends &amp; comment below
https://t.co/ge8m1wsiwc If an advanced #exerciser or just out for a #walk, #GetFitMining #rewards all of your #MOVEMENT  24/7 with #Crypto Mining Rewards! #workout #cryptocurrency #Move2Earn #Play2Earn #TRAVEL2EARN #Bitcoin https://t.co/uYcPwnvPpG"
2022-12-15 17:54:00+00:00,GetFitMining,1603448301785088000,"1‚É£ Follow us
2‚É£ Retweet
3‚É£ Tag 3 friends &amp; comment below
https://t.co/ge8m1wsQlK If an advanced #exerciser or just out for a #walk, #GetFitMining #rewards all of your #MOVEMENT  24/7 with #Crypto Mining Rewards! #workout #cryptocurrency #Move2Earn #Play2Earn #TRAVEL2EARN #Bitcoin https://t.co/XE5Ehoanjp"
2022-12-15 13:27:05+00:00,Mahdi54732781,1603381129800736769,"@DecentraBnB Travel2earn ü§ëü§ë that a great idea , $DBNB implements this idea for the first time in the world üî•üî•üî•"
2022-12-15 07:37:27+00:00,ArivaWonderland,1603293142824124416,"#Travel2Earn will be one of the ways to earn $ARV as reward for travelling and taking part in activities in #ArivaWonderland.

 This feature will make the #metaverse fun and beneficial to the users. It is almost here.

 Look out for new updates ‚öô

#BNBChain #BuildonBNBChain https://t.co/lFNsmPnWHl"
2022-12-14 07:27:17+00:00,KnShayeMedia,1602928195577290753,So Many Great Things Happening In This Project! üßêWorld-Changing! Mind-Blowing!Let‚Äôs #GetFit! #Tagcoin #Tagprotocol #GFAM #Move2Earn #Travel2Earn #Play2Earn #NFTs https://t.co/JqhPgnDYaj
2022-12-13 19:37:35+00:00,GetFitMining,1602749594571403266,"1‚É£ Follow us
2‚É£ Retweet
3‚É£ Tag 3 friends &amp; comment below
https://t.co/ge8m1waH7C If an advanced #exerciser or just out for a #walk, #GetFitMining #rewards all of your #MOVEMENT  24/7 with #Crypto Mining Rewards! #workout #cryptocurrency #Move2Earn #Play2Earn #TRAVEL2EARN #Bitcoin https://t.co/KGHR3c8rey"
2022-12-13 14:12:39+00:00,ArivaWonderland,1602667823582568448,"Hard work with dedication creates success üôå 

Buckle up for more interesting updates to be patched into #ArivaWonderland travel #metaverse.

#BNBChain #Travel2Earn #BuildonBNBChain https://t.co/1Rv7UfmrFg"
2022-12-13 13:31:05+00:00,ALHarp55,1602657363064156160,"#GetFit, the gift that keeps on giving #CryptoRewards 24/7/365 as you #Move2Earn, #Play2Earn,#Travel2Earn. https://t.co/QLwdAsayk7"
2022-12-12 03:18:33+00:00,GetFit_Mining,1602140826343280642,"GetFit Mining. The first web3 app that takes your daily activities, walking, running, swimming, exercising, workouts, travel and more into energy that mines multiple crypto currencies. A fun app that you can #Move2Earn #Travel2Earn #Share2Earn #Play2Earn #GetFitMining #Crypto https://t.co/m0xYTErWMc"
2022-12-10 17:23:04+00:00,highterthinking,1601628579548143616,@jewelzcrypto I love #GetFit too! #Move2Earn  #Play2Earn  #Travel2Earn
2022-12-10 00:00:00+00:00,GetFitMining,1601366083247611904,"1‚É£ Follow us
2‚É£ Retweet
3‚É£ Tag 3 friends &amp; comment below
https://t.co/ge8m1waH7C If an advanced #exerciser or just out for a #walk, #GetFitMining #rewards all of your #MOVEMENT  24/7 with #Crypto Mining Rewards! #workout #cryptocurrency #Move2Earn #Play2Earn #TRAVEL2EARN #Bitcoin https://t.co/k9jg2vj5vJ"
2022-12-09 20:52:00+00:00,GetFitMining,1601318769024028673,"1‚É£ Follow us
2‚É£ Retweet
3‚É£ Tag 3 friends &amp; comment below
https://t.co/ge8m1wsiwc If an advanced #exerciser or just out for a #walk, #GetFitMining #rewards all of your #MOVEMENT  24/7 with #Crypto Mining Rewards! #workout #cryptocurrency #Move2Earn #Play2Earn #TRAVEL2EARN #Bitcoin https://t.co/0gNq6iC94h"
2022-12-09 19:30:00+00:00,GetFitMining,1601298133215891456,"1‚É£ Follow us
2‚É£ Retweet
3‚É£ Tag 3 friends &amp; comment below
https://t.co/ge8m1waH7C If an advanced #exerciser or just out for a #walk, #GetFitMining #rewards all of your #MOVEMENT  24/7 with #Crypto Mining Rewards! #workout #cryptocurrency #Move2Earn #Play2Earn #TRAVEL2EARN #Bitcoin https://t.co/ZwgwTMHK1z"
2022-12-09 10:38:22+00:00,KnShayeMedia,1601164344762732544,"Let‚Äôs #GetFit @A1Fit4LifeEarn @fitforwardgroup @highterthinking 
 #Tagcoin #Tagprotocol #GFAM #Move2Earn #Travel2Earn #Play2Earn #NFTs https://t.co/6pgFCuf7y4"
2022-12-08 20:02:46+00:00,highterthinking,1600943993654607872,It‚Äôs possible! #Everyone can #GetFit. #Move2Earn #Play2Earn #Travel2Earn https://t.co/wOkBrKbQY9
2022-12-08 17:48:23+00:00,highterthinking,1600910171865505793,I‚Äôm doing the same too today! #gettingstronger #ilovegetfit #GetFit #Move2Earn #Play2Earn #Travel2Earn https://t.co/inFsNMAJcE
2022-12-08 16:32:49+00:00,NobleMoody_357,1600891155541295104,"What happened to the good people that just want to see everyone win, even though we know it‚Äôs impossible or is it?  #GetFit #Move2Earn #Play2Earn #Travel2Earn"
2022-12-08 06:12:28+00:00,KnShayeMedia,1600735040815910912,DM me for details! üßê‚õµÔ∏èüèãüèΩ‚Äç‚ôÇÔ∏èüèä‚Äç‚ôÄÔ∏èüö¥‚Äç‚ôÇÔ∏èüêïüíÉüèæ‚úàÔ∏èüöòüö∂‚Äç‚ôÄÔ∏èüöÇ #GetFit #Tagcoin #Tagprotocol #GFAM #Move2Earn #Travel2Earn #Play2Earn #NFTs https://t.co/8Svoio1fGI
2022-12-08 06:05:20+00:00,KnShayeMedia,1600733247238914048,Beat my personal record today! üíÉüèæNothing like challenging yourself to achieve MORE! With GETFIT you achieve a DOUBLE win! Not only are you working towards a healthier you BUT you are getting paid to do it! ü§∑üèæ‚Äç‚ôÄÔ∏è #Tagcoin #Tagprotocol #GFAM #Move2Earn #Travel2Earn #Play2Earn #NFTs https://t.co/rI57MDgiCy
2022-12-06 21:25:29+00:00,sybwealth,1600240034459701249,"@GetFitMining Let's Getfit! Better health, increased wealth! Who's in? #GetFitmining #move2earn #travel2earn"
2022-12-06 20:39:56+00:00,ArivaWonderland,1600228568885182464,"Still wondering about this new area in #ArivaWonderland? 

Tell the community what you think it is; comment your answer üòâ

#BNB #Travel2Earn #BuildonBNBChain #Metaverse https://t.co/D87BZLbYRO"
2022-12-05 08:26:44+00:00,NobleMoody_357,1599681664916942848,"#GetFit with our #Move2Earn #Play2Earn &amp; #Travel2Earn interactive, programatic, algorithmic NFTs! https://t.co/4KozT5uD2p https://t.co/nXTMpqjOjC"
2022-12-05 07:10:12+00:00,KnShayeMedia,1599662404811427841,And We‚Äôre JUST GETTING STARTED! ü§ØüíÉüèæüö¥‚Äç‚ôÇÔ∏èüèãüèΩ‚Äç‚ôÇÔ∏èüöÇüöòüêïüèä‚Äç‚ôÄÔ∏è‚õµÔ∏è ‚úàÔ∏è#GetFit #Tagcoin #Tagprotocol #GFAM #Move2Earn #Travel2Earn #Play2Earn #NFTs https://t.co/TqWGdUHm6v
2022-12-03 20:14:57+00:00,highterthinking,1599135119948017664,Absolutely the #smallthings #GetFit #solutions #Move2Earn #Play2Earn  #Travel2Earn #earnedrewards #letsgetfit https://t.co/4A5f6oXFky
2022-12-03 05:26:29+00:00,KnShayeMedia,1598911530124263424,Get with #GetFit for the holidays! üî• #GetFit #Tagcoin #Tagprotocol #GFAM #Move2Earn #Travel2Earn #Play2Earn #NFTs https://t.co/aZw125VrEq
2022-12-03 05:18:59+00:00,KnShayeMedia,1598909640644837377,Mic drop!!! #GetFit #Move2Earn #Play2Earn #Travel2Earn https://t.co/CgvmJFHP2J
2022-12-02 16:45:35+00:00,Meta_Tourism,1598720041205215232,"Much better be like a #Touristologists! 
Visualizing #Blockchain improving #OperationsAndProcessess of #Tourism Enterprises!
A)Sharing Identity with privacy 
B)Shared Ownership (#Travel2Earn)
C)Customized Micro-payments in Real-Time
https://t.co/Zo3Hfha2h0"
2022-12-02 01:49:06+00:00,sybwealth,1598494432944324608,"@GetFitMining Let's give gifts that keep on giving!
#GetFitmining #move2earn #travel2earn"
2022-12-01 19:05:54+00:00,GetFitMining,1598392966078468097,"1‚É£ Follow us
2‚É£ Retweet
3‚É£ Tag 3 friends &amp; comment below
https://t.co/ge8m1wsiwc If an advanced #exerciser or just out for a #walk, #GetFitMining #rewards all of your #MOVEMENT  24/7 with #Crypto Mining Rewards! #workout #cryptocurrency #Move2Earn #Play2Earn #TRAVEL2EARN #Bitcoin https://t.co/WexS1WwXIl"
2022-12-01 12:35:00+00:00,vEmpireDDAO,1598294592461438979,How YOU can use @locanation_TH's Travel2Earn platform... üëá https://t.co/HTCEVf6KSq
2022-12-01 02:00:01+00:00,GetFitMining,1598134793811636224,"1‚É£ Follow us
2‚É£ Retweet
3‚É£ Tag 3 friends &amp; comment below
https://t.co/ge8m1waH7C If an advanced #exerciser or just out for a #walk, #GetFitMining #rewards all of your #MOVEMENT  24/7 with #Crypto Mining Rewards! #workout #cryptocurrency #Move2Earn #Play2Earn #TRAVEL2EARN #Bitcoin https://t.co/VKa1ubr32K"
2022-12-01 01:26:00+00:00,GetFitMining,1598126232494919681,"1‚É£ Follow us
2‚É£ Retweet
3‚É£ Tag 3 friends &amp; comment below
https://t.co/ge8m1wsiwc If an advanced #exerciser or just out for a #walk, #GetFitMining #rewards all of your #MOVEMENT  24/7 with #Crypto Mining Rewards! #workout #cryptocurrency #Move2Earn #Play2Earn #TRAVEL2EARN #Bitcoin https://t.co/6gh02RmizP"
2022-12-01 00:00:01+00:00,GetFitMining,1598104594994929667,"1‚É£ Follow us
2‚É£ Retweet
3‚É£ Tag 3 friends &amp; comment below
https://t.co/ge8m1wsiwc If an advanced #exerciser or just out for a #walk, #GetFitMining #rewards all of your #MOVEMENT  24/7 with #Crypto Mining Rewards! #workout #cryptocurrency #Move2Earn #Play2Earn #TRAVEL2EARN #Bitcoin https://t.co/50WU2NjVbe"
2022-11-30 23:00:00+00:00,GetFitMining,1598089492157571073,"1‚É£ Follow us
2‚É£ Retweet
3‚É£ Tag 3 friends &amp; comment below
https://t.co/ge8m1wsiwc If an advanced #exerciser or just out for a #walk, #GetFitMining #rewards all of your #MOVEMENT  24/7 with #Crypto Mining Rewards! #workout #cryptocurrency #Move2Earn #Play2Earn #TRAVEL2EARN #Bitcoin https://t.co/cOIH7SdUJC"
2022-11-28 13:22:04+00:00,DesignToei,1597219274627887104,"SR level NFT PFP from #tripster project on #Etherum chain. The interesting‚Äã is #share2earn &amp; #travel2earn. A holder will gain at least 15% return from commission when buying fm their partners via ref link.

See: https://t.co/zWLKXBFmmP https://t.co/iUiw9is7me"
2022-11-28 13:00:01+00:00,vEmpireDDAO,1597213725538148352,"1 Hour ‚è≥

Tune in for alpha directly from the world's first Travel2Earn platform, @locanation_TH üî•

We will be discussing how they are revolutionizing crypto and how YOU can get involved ‚úçÔ∏è https://t.co/HTCEVeP9tQ https://t.co/aUfFkDbVH3"
2022-11-27 14:12:00+00:00,vEmpireDDAO,1596869451277910016,"1 MORE DAY ‚è≥

Tune in tomorrow for our #VentureSpaces episode with @locanation_TH for ultimate Travel2Earn alpha üî•

We will be talking about their recent project developments, what's in store for the future, and how YOU can earn from exploring! ü§Ø

Don't miss itüëá https://t.co/HTCEVf6KSq"
2022-11-26 14:44:48+00:00,sybwealth,1596515320419995648,"@GetFitMining Life style change, here we come! #GetFitmining #move2earn #travel2earn"
2022-11-26 10:37:33+00:00,unfearyp7,1596453096338599936,"@Airtnt_io @Airtnt_io has made travelling alot easier and not only that,you can actually earn some TnT tokens when travelling
#TravelMadeEasy
#AirTnT
#NFT
#Travel2Earn
#TnT"
2022-11-23 15:04:42+00:00,sybwealth,1595433163651796992,"@GetFitMining Let's get moving, it'll be an all around benefit! Let's go!
#GetFitmining, #move2earn, #travel2earn"
2022-11-23 01:57:47+00:00,AgnesRobinsonA1,1595235127600242688,Monetize your movements - Move2Earn Travel2Earn @AgnesRobinsonA1 @NobleMoody_357  #GetFit https://t.co/KB7CzSL244
2022-11-22 13:34:53+00:00,ALHarp55,1595048171910070272,"@AtamaiTravels @GetFitMining Get busy with #GetFit and #BuildWealth as you #Move2Earn, #Travel2Earn and #Play2Earn.  You‚Äôre already doing/moving so why not get rewarded?"
2022-11-22 03:00:00+00:00,GetFitMining,1594888397461471233,"1‚É£ Follow us
2‚É£ Retweet
3‚É£ Tag 3 friends &amp; comment below
https://t.co/ge8m1waH7C If an advanced #exerciser or just out for a #walk, #GetFitMining #rewards all of your #MOVEMENT  24/7 with #Crypto Mining Rewards! #workout #cryptocurrency #Move2Earn #Play2Earn #TRAVEL2EARN #Bitcoin https://t.co/W1X5Y6fv2Z"
2022-11-22 02:00:02+00:00,GetFitMining,1594873307932803073,"1‚É£ Follow us
2‚É£ Retweet
3‚É£ Tag 3 friends &amp; comment below
https://t.co/ge8m1wsiwc If an advanced #exerciser or just out for a #walk, #GetFitMining #rewards all of your #MOVEMENT  24/7 with #Crypto Mining Rewards! #workout #cryptocurrency #Move2Earn #Play2Earn #TRAVEL2EARN #Bitcoin https://t.co/y1w9xq3YyO"
2022-11-22 01:00:01+00:00,GetFitMining,1594858203342176262,"1‚É£ Follow us
2‚É£ Retweet
3‚É£ Tag 3 friends &amp; comment below
https://t.co/ge8m1waH7C If an advanced #exerciser or just out for a #walk, #GetFitMining #rewards all of your #MOVEMENT  24/7 with #Crypto Mining Rewards! #workout #cryptocurrency #Move2Earn #Play2Earn #TRAVEL2EARN #Bitcoin https://t.co/aQaBHPvlXo"
2022-11-22 00:00:00+00:00,GetFitMining,1594843101348081665,"1‚É£ Follow us
2‚É£ Retweet
3‚É£ Tag 3 friends &amp; comment below
https://t.co/ge8m1waH7C If an advanced #exerciser or just out for a #walk, #GetFitMining #rewards all of your #MOVEMENT  24/7 with #Crypto Mining Rewards! #workout #cryptocurrency #Move2Earn #Play2Earn #TRAVEL2EARN #Bitcoin https://t.co/fzTxBefsT0"
2022-11-21 22:00:02+00:00,GetFitMining,1594812908382265344,"1‚É£ Follow us
2‚É£ Retweet
3‚É£ Tag 3 friends &amp; comment below
https://t.co/ge8m1waH7C If an advanced #exerciser or just out for a #walk, #GetFitMining #rewards all of your #MOVEMENT  24/7 with #Crypto Mining Rewards! #workout #cryptocurrency #Move2Earn #Play2Earn #TRAVEL2EARN #Bitcoin https://t.co/B9DNlLl0vT"
2022-11-21 21:00:01+00:00,GetFitMining,1594797805763121152,"1‚É£ Follow us
2‚É£ Retweet
3‚É£ Tag 3 friends &amp; comment below
https://t.co/ge8m1waH7C If an advanced #exerciser or just out for a #walk, #GetFitMining #rewards all of your #MOVEMENT  24/7 with #Crypto Mining Rewards! #workout #cryptocurrency #Move2Earn #Play2Earn #TRAVEL2EARN #Bitcoin https://t.co/DKfCIJxDA4"
2022-11-21 20:00:01+00:00,GetFitMining,1594782704448507928,"1‚É£ Follow us
2‚É£ Retweet
3‚É£ Tag 3 friends &amp; comment below
https://t.co/ge8m1wsiwc If an advanced #exerciser or just out for a #walk, #GetFitMining #rewards all of your #MOVEMENT  24/7 with #Crypto Mining Rewards! #workout #cryptocurrency #Move2Earn #Play2Earn #TRAVEL2EARN #Bitcoin https://t.co/4UuKdHwmc6"
2022-11-21 19:02:21+00:00,ArivaWonderland,1594768196049199104,"What's keeping you from securing your place too in the first travel #metaverse?

https://t.co/KjS8NK2OkN, get a land while you still can. 

#BNBChain #BuildOnBNB #Travel2Earn"
2022-11-21 19:00:00+00:00,GetFitMining,1594767604345970688,"1‚É£ Follow us
2‚É£ Retweet
3‚É£ Tag 3 friends &amp; comment below
https://t.co/ge8m1wsiwc If an advanced #exerciser or just out for a #walk, #GetFitMining #rewards all of your #MOVEMENT  24/7 with #Crypto Mining Rewards! #workout #cryptocurrency #Move2Earn #Play2Earn #TRAVEL2EARN #Bitcoin https://t.co/OaxNXPsBOu"
2022-11-20 15:39:16+00:00,indrawxyz,1594354697334190082,"I visited @BitkubOfficial's booth at the #APEC event last week. It was amazing to hear about this NFT and the #Travel2Earn concept.

Not to mention that Bitkub has grown significantly since our last communication in 2018. I hope we can speak again soon about @functionx_io. https://t.co/odxFKLWMxi"
2022-11-19 04:15:00+00:00,GetFitMining,1593820108593373185,"MINING IS NOW LIVE!! https://t.co/ge8m1waH7C Check it out!! Best #Move2Earn, #Play2Earn, #Travel2Earn app out there!!! Whether you‚Äôre an advanced #exerciser or just getting out for a #walk, #GetFitMining #rewards you!! Great #Christmas #Gift!  #Crypto! #Mining #Rewards! #Bitcoin https://t.co/Gnh81N56SK"
2022-11-19 03:15:00+00:00,GetFitMining,1593805008948105217,"MINING IS NOW LIVE!! https://t.co/ge8m1wsiwc Check it out!! Best #Move2Earn, #Play2Earn, #Travel2Earn app out there!!! Whether you‚Äôre an advanced #exerciser or just getting out for a #walk, #GetFitMining #rewards you!! Great #Christmas #Gift!  #Crypto! #Mining #Rewards! #Bitcoin https://t.co/UutmLEUkW4"
2022-11-19 02:15:00+00:00,GetFitMining,1593789909323554816,"MINING IS NOW LIVE!! https://t.co/ge8m1waH7C Check it out!! Best #Move2Earn, #Play2Earn, #Travel2Earn app out there!!! Whether you‚Äôre an advanced #exerciser or just getting out for a #walk, #GetFitMining #rewards you!! Great #Christmas #Gift!  #Crypto! #Mining #Rewards! #Bitcoin https://t.co/6q9gNukJsq"
2022-11-19 01:15:00+00:00,GetFitMining,1593774809954996224,"1‚É£ Follow us
2‚É£ Retweet
3‚É£ Tag 3 friends &amp; comment below
https://t.co/ge8m1waH7C If an advanced #exerciser or just out for a #walk, #GetFitMining #rewards all of your #MOVEMENT  24/7 with #Crypto Mining Rewards! #workout #cryptocurrecy #Move2Earn #Play2Earn #TRAVEL2EARN #Bitcoin https://t.co/Vhtw7XsTtq"
2022-11-19 00:15:00+00:00,GetFitMining,1593759710519377920,"1‚É£ Follow us
2‚É£ Retweet
3‚É£ Tag 3 friends &amp; comment below
https://t.co/ge8m1wsiwc If an advanced #exerciser or just out for a #walk, #GetFitMining #rewards all of your #MOVEMENT  24/7 with #Crypto Mining Rewards! #workout #cryptocurrecy #Move2Earn #Play2Earn #TRAVEL2EARN #Bitcoin https://t.co/JdyRI3WAEA"
2022-11-18 23:15:00+00:00,GetFitMining,1593744611058630657,"1‚É£ Follow us
2‚É£ Retweet
3‚É£ Tag 3 friends &amp; comment below
https://t.co/ge8m1wsiwc If an advanced #exerciser or just out for a #walk, #GetFitMining #rewards all of your #MOVEMENT  24/7 with #Crypto Mining Rewards! #workout #cryptocurrecy #Move2Earn #Play2Earn #TRAVEL2EARN #Bitcoin https://t.co/r7qjk2KLhp"
2022-11-18 22:15:00+00:00,GetFitMining,1593729512050761731,"1‚É£ Follow us
2‚É£ Retweet
3‚É£ Tag 3 friends &amp; comment below
https://t.co/ge8m1wsiwc If an advanced #exerciser or just out for a #walk, #GetFitMining #rewards all of your #MOVEMENT  24/7 with #Crypto Mining Rewards! #workout #cryptocurrecy #Move2Earn #Play2Earn #TRAVEL2EARN #Bitcoin https://t.co/1eybrLvuqR"
2022-11-18 14:15:00+00:00,GetFitMining,1593608715684364288,"MINING IS NOW LIVE!! https://t.co/ge8m1waH7C Check it out!! Best #Move2Earn, #Play2Earn, #Travel2Earn app out there!!! Whether you‚Äôre an advanced #exerciser or just getting out for a #walk, #GetFitMining #rewards you!! Great #Christmas #Gift!  #Crypto! #Mining #Rewards! #Bitcoin https://t.co/0cV3lGbJCz"
2022-11-18 13:15:00+00:00,GetFitMining,1593593615854538754,"MINING IS NOW LIVE!! https://t.co/ge8m1wsiwc Check it out!! Best #Move2Earn, #Play2Earn, #Travel2Earn app out there!!! Whether you‚Äôre an advanced #exerciser or just getting out for a #walk, #GetFitMining #rewards you!! Great #Christmas #Gift!  #Crypto! #Mining #Rewards! #Bitcoin https://t.co/OTpbPyuWST"
2022-11-18 12:15:00+00:00,GetFitMining,1593578516532154371,"MINING IS NOW LIVE!! https://t.co/ge8m1wsiwc Check it out!! Best #Move2Earn, #Play2Earn, #Travel2Earn app out there!!! Whether you‚Äôre an advanced #exerciser or just getting out for a #walk, #GetFitMining #rewards you!! Great #Christmas #Gift!  #Crypto! #Mining #Rewards! #Bitcoin https://t.co/zyLW9BzmgB"
2022-11-17 21:15:00+00:00,GetFitMining,1593352024375980032,"1‚É£ Follow us
2‚É£ Retweet
3‚É£ Tag 3 friends &amp; comment below
https://t.co/ge8m1waH7C If an advanced #exerciser or just out for a #walk, #GetFitMining #rewards all of your #MOVEMENT  24/7 with #Crypto Mining Rewards! #workout #cryptocurrecy #Move2Earn #Play2Earn #TRAVEL2EARN #Bitcoin https://t.co/BOIvUeCytx"
2022-11-17 20:45:00+00:00,GetFitMining,1593344474704269312,"1‚É£ Follow us
2‚É£ Retweet
3‚É£ Tag 3 friends &amp; comment below
https://t.co/ge8m1waH7C If an advanced #exerciser or just out for a #walk, #GetFitMining #rewards all of your #MOVEMENT  24/7 with #Crypto Mining Rewards! #workout #cryptocurrecy #Move2Earn #Play2Earn #TRAVEL2EARN #Bitcoin https://t.co/evpQLkSANy"
2022-11-17 19:25:00+00:00,GetFitMining,1593324341621506048,"1‚É£ Follow us
2‚É£ Retweet
3‚É£ Tag 3 friends &amp; comment below
https://t.co/ge8m1waH7C If an advanced #exerciser or just out for a #walk, #GetFitMining #rewards all of your #MOVEMENT  24/7 with #Crypto Mining Rewards! #workout #cryptocurrecy #Move2Earn #Play2Earn #TRAVEL2EARN #Bitcoin https://t.co/Qz4vxrvXkx"
2022-11-17 03:42:59+00:00,1nVQpQ96Bivu3qZ,1593087274799206400,"Go to https://t.co/85R4liWXDg join.

#AirTnT #MobileApp #Travel2Earn
#AirTNT #M2E @Airtnt_io https://t.co/i6wnzha78c https://t.co/y879h9r5Jd"
2022-11-16 14:51:58+00:00,KnShayeMedia,1592893245339893761,The App is Live Now! ü§Ø #GetFit #Tagcoin #Tagprotocol #GFAM #Move2Earn #Travel2Earn #Play2Earn #NFTs https://t.co/5u3kcjKihi
2022-11-16 14:45:19+00:00,KnShayeMedia,1592891571296669697,I‚Äôm Loving These Rewards!!! üî•üî•üî• #GetFit #Tagcoin #Tagprotocol #GFAM #Move2Earn #Travel2Earn #Play2Earn #NFTs https://t.co/JgjDwFiuiN
2022-11-16 12:14:24+00:00,ArivaWonderland,1592853592192712706,"üåä Sea lovers, be ready to cruise the sea to your destination in #ArivaWonderland 

 More modes of transportation are being patched into the first travel #metaverse üö¢

Secure a land in #ArivaWonderland right here https://t.co/KjS8NK2OkN

#BNBChain #BuildonBNB #Travel2Earn https://t.co/f4QUJ1jWBg"
2022-11-16 06:01:02+00:00,Airtnt_io,1592759631927185408,"Heads up our beloved communityüíó, our #AMA holds today.

‚≠êJoin our discord &amp; telegram channels to get your burning questions answered via: https://t.co/5NPcjt5JbJ
https://t.co/G4UYNWvzek

üìÖNovember 16,2022
‚è∞19:00 (UTC+9) 
üéÅ1000 TNT Tokens

#AirTnT #MobileApp #Travel2Earn https://t.co/wd9XvM2O6F"
2022-11-16 05:47:21+00:00,0xMads,1592756187694788608,"I want to:
sleep2earn, eat2earn, move2earn, speak2earn, shop2earn, play2earn, read2earn, write2earn, travel2earn, shit2earn, sex2earn, watch2earn, post2earn, draw2earn, work2earn, scan2earn, click2earn, shower2earn, brush2earn, wear2earn, friend2earn.

Monetize everything, ty üòà"
2022-11-15 20:49:15+00:00,GetFitMining,1592620771179839488,"MINING IS NOW LIVE!! https://t.co/ge8m1waH7C Check it out!! Best #Move2Earn, #Play2Earn, #Travel2Earn app out there!!! Whether you‚Äôre an advanced #exerciser or just getting out for a #walk, #GetFitMining #rewards you!! Great #Christmas #Gift!  #Crypto! #Mining #Rewards! #Bitcoin https://t.co/mlRBwyAUyY"
2022-11-15 20:44:55+00:00,GetFitMining,1592619676617822208,"MINING IS NOW LIVE!! https://t.co/ge8m1wsQlK Check it out!! Best #Move2Earn, #Play2Earn, #Travel2Earn app out there!!! Whether you‚Äôre an advanced #exerciser or just getting out for a #walk, #GetFitMining #rewards you!! Great #Christmas #Gift!  #Crypto! #Mining #Rewards! #Bitcoin https://t.co/PDpp92qFAi"
2022-11-15 20:44:31+00:00,GetFitMining,1592619578072657920,"MINING IS NOW LIVE!! https://t.co/ge8m1wsQlK Check it out!! Best #Move2Earn, #Play2Earn, #Travel2Earn app out there!!! Whether you‚Äôre an advanced #exerciser or just getting out for a #walk, #GetFitMining #rewards you!! Great #Christmas #Gift!  #Crypto! #Mining #Rewards! #Bitcoin https://t.co/nO4CiJ3UPa"
2022-11-15 10:13:27+00:00,Airtnt_io,1592460763280510977,"***Something amazing guys***

Pre-subscription events and test version apps have been released. IOS is not available for now, only Android is available.

Click link below:
https://t.co/78btija6vz

#AirTnT #MobileApp #Travel2Earn https://t.co/iBovnA5uwK"
2022-11-14 20:31:22+00:00,GetFitMining,1592253879755776000,"MINING IS NOW LIVE!! https://t.co/ge8m1waH7C Check it out!! Best #Move2Earn, #Play2Earn, #Travel2Earn app out there!!! Whether you‚Äôre an advanced #exerciser or just getting out for a #walk, #GetFitMining #rewards you!! Great #Christmas #Gift!  #Crypto! #Mining #Rewards! #Bitcoin https://t.co/GZ4Ekup32V"
2022-11-14 18:02:42+00:00,tokentrotters,1592216468636188673,"We are the first #Travel2Earn App, where you can earn just for #travelling.¬†
A dream isn't it? üíú Turn your passion into your profession.

https://t.co/VVDvOONC5x https://t.co/IySCF3bJ31"
2022-11-14 17:58:40+00:00,GetFitMining,1592215452125728769,"MINING IS NOW LIVE!! https://t.co/ge8m1wsiwc Check it out!! Best #Move2Earn, #Play2Earn, #Travel2Earn app out there!!! Whether you‚Äôre an advanced #exerciser or just getting out for a #walk, #GetFitMining #rewards you!! Great #Christmas #Gift!  #Crypto! #Mining #Rewards! #Bitcoin https://t.co/vW1wuRpW9n"
2022-11-14 17:57:30+00:00,GetFitMining,1592215157404753922,"1‚É£ Follow us
2‚É£ Retweet
3‚É£ Tag 3 friends &amp; comment below
https://t.co/ge8m1wsQlK If an advanced #exerciser or just out for a #walk, #GetFitMining #rewards all of your #MOVEMENT  24/7 with #Crypto Mining Rewards! #workout #cryptocurrecy #Move2Earn #Play2Earn #TRAVEL2EARN #Bitcoin https://t.co/cBtVlCEVbr"
2022-11-12 15:51:16+00:00,GetFitMining,1591458616959463429,"1‚É£ Follow us
2‚É£ Retweet
3‚É£ Tag 3 friends &amp; comment below
https://t.co/ge8m1wsQlK If an advanced #exerciser or just out for a #walk, #GetFitMining #rewards all of your #MOVEMENT  24/7 with #Crypto Mining Rewards! #workout #cryptocurrecy #Move2Earn #Play2Earn #TRAVEL2EARN #Bitcoin https://t.co/dDnABSlqBF"
2022-11-12 15:50:43+00:00,GetFitMining,1591458476886470657,"1‚É£ Follow us
2‚É£ Retweet
3‚É£ Tag 3 friends &amp; comment below
https://t.co/ge8m1wsQlK If an advanced #exerciser or just out for a #walk, #GetFitMining #rewards all of your #MOVEMENT  24/7 with #Crypto Mining Rewards! #workout #cryptocurrecy #Move2Earn #Play2Earn #TRAVEL2EARN #Bitcoin https://t.co/xSNkjSTdUn"
2022-11-11 23:40:36+00:00,GetFitMining,1591214340920811520,"1‚É£ Follow us
2‚É£ Retweet
3‚É£ Tag 3 friends &amp; comment below
https://t.co/ge8m1wsiwc If an advanced #exerciser or just out for a #walk, #GetFitMining #rewards all of your #MOVEMENT  24/7 with #Crypto Mining Rewards! #workout #cryptocurrecy #Move2Earn #Play2Earn #TRAVEL2EARN #Bitcoin https://t.co/gJgJEOXfB6"
2022-11-11 23:30:43+00:00,GetFitMining,1591211853241544704,"MINING IS NOW LIVE!! https://t.co/ge8m1wsQlK Check it out!! Best #Move2Earn, #Play2Earn, #Travel2Earn app out there!!! Whether you‚Äôre an advanced #exerciser or just getting out for a #walk, #GetFitMining #rewards you!! Great #Christmas #Gift!  #Crypto! #Mining #Rewards! #Bitcoin https://t.co/oQWYkAd53Z"
2022-11-11 22:51:37+00:00,GetFitMining,1591202012238352384,"1‚É£ Follow us
2‚É£ Retweet
3‚É£ Tag 3 friends &amp; comment below
https://t.co/ge8m1wsQlK If an advanced #exerciser or just out for a #walk, #GetFitMining #rewards all of your #MOVEMENT  24/7 with #Crypto Mining Rewards! #workout #cryptocurrecy #Move2Earn #Play2Earn #TRAVEL2EARN #Bitcoin https://t.co/NaQZyZBShz"
2022-11-11 22:50:52+00:00,GetFitMining,1591201823830216705,"1‚É£ Follow us
2‚É£ Retweet
3‚É£ Tag 3 friends &amp; comment below
https://t.co/ge8m1wsQlK If an advanced #exerciser or just out for a #walk, #GetFitMining #rewards all of your #MOVEMENT  24/7 with #Crypto Mining Rewards! #workout #cryptocurrecy #Move2Earn #Play2Earn #TRAVEL2EARN #Bitcoin https://t.co/E4wXKnADVK"
2022-11-11 22:44:44+00:00,GetFitMining,1591200280636293121,"MINING IS NOW LIVE!! https://t.co/ge8m1waH7C Check it out!! Best #Move2Earn, #Play2Earn, #Travel2Earn app out there!!! Whether you‚Äôre an advanced #exerciser or just getting out for a #walk, #GetFitMining #rewards you!! Great #Christmas #Gift!  #Crypto! #Mining #Rewards! #Bitcoin https://t.co/jlPW4PWgnA"
2022-11-11 22:44:12+00:00,GetFitMining,1591200147459178496,"MINING IS NOW LIVE!! https://t.co/ge8m1wsQlK Check it out!! Best #Move2Earn, #Play2Earn, #Travel2Earn app out there!!! Whether you‚Äôre an advanced #exerciser or just getting out for a #walk, #GetFitMining #rewards you!! Great #Christmas #Gift!  #Crypto! #Mining #Rewards! #Bitcoin https://t.co/ODk3A0UqXF"
2022-11-11 22:43:49+00:00,GetFitMining,1591200049572114432,"MINING IS NOW LIVE!! https://t.co/ge8m1waH7C Check it out!! Best #Move2Earn, #Play2Earn, #Travel2Earn app out there!!! Whether you‚Äôre an advanced #exerciser or just getting out for a #walk, #GetFitMining #rewards you!! Great #Christmas #Gift!  #Crypto! #Mining #Rewards! #Bitcoin https://t.co/iWuy1lIUxg"
2022-11-11 14:16:50+00:00,Numan_NFTb,1591072461549805568,"üî•Partnership &amp; Upcoming #IDO on NFTb: @Airtnt_io 

üóìÔ∏èIDO: 24 Nov, 12PM UTC

‚úàÔ∏èRevolutionising the travel industry by providing tourism products to the community
üíéTravel2Earn, SocialFi, Multi-Function NFTs &amp; more

Stay tuned for updates!

$NFTB $TNT #Bitcoin #BTC https://t.co/7KrLLAKVjZ"
2022-11-11 12:46:23+00:00,a1coinflow,1591049702468112384,"üî•Partnership &amp; Upcoming #IDO on NFTb: @Airtnt_io 

üóìÔ∏èIDO: 24 Nov, 12PM UTC

‚úàÔ∏èRevolutionising the travel industry by providing tourism products to the community
üíéTravel2Earn, SocialFi, Multi-Function NFTs &amp; more

Stay tuned for updates!

$NFTB $TNT https://t.co/4mhz8Bdl3r"
2022-11-11 12:44:01+00:00,nftbmarket,1591049103559233536,"üî•Partnership &amp; Upcoming #IDO on NFTb: @Airtnt_io 

üóìÔ∏èIDO: 24 Nov, 12PM UTC

‚úàÔ∏èRevolutionising the travel industry by providing tourism products to the community
üíéTravel2Earn, SocialFi, Multi-Function NFTs &amp; more

Stay tuned for updates!

$NFTB $TNT https://t.co/olZtuJgItR"
2022-11-11 04:17:17+00:00,HelpHopeLiveGB,1590921581752045568,I am really enjoying my experience with @GetFitMining. Another smart way to help stay and #GetFit and earn a healthy residual income while exercising and traveling. If you like to come try a cool experience feel free to ask how to get started #Move2Earn #Play2Earn  #Travel2Earn https://t.co/QgOkIi5ppl
2022-11-10 20:49:31+00:00,GetFitMining,1590808898642272256,"MINING IS NOW LIVE!! https://t.co/ge8m1wsQlK Check it out!! Best #Move2Earn, #Play2Earn, #Travel2Earn app out there!!! Whether you‚Äôre an advanced #exerciser or just getting out for a #walk, #GetFitMining #rewards you!! Great #Christmas #Gift!  #Crypto! #Mining #Rewards! #Bitcoin https://t.co/oxFInDO6Ea"
2022-11-10 20:48:29+00:00,GetFitMining,1590808635709345792,"MINING IS NOW LIVE!! https://t.co/ge8m1waH7C Check it out!! Best #Move2Earn, #Play2Earn, #Travel2Earn app out there!!! Whether you‚Äôre an advanced #exerciser or just getting out for a #walk, #GetFitMining #rewards you!! Great #Christmas #Gift!  #Crypto! #Mining #Rewards! #Bitcoin https://t.co/hV2HWAO4Rb"
2022-11-10 20:46:19+00:00,GetFitMining,1590808092316516353,"MINING IS NOW LIVE!! https://t.co/ge8m1wsiwc Check it out!! Best #Move2Earn, #Play2Earn, #Travel2Earn app out there!!! Whether you‚Äôre an advanced #exerciser or just getting out for a #walk, #GetFitMining #rewards you!! Great #Christmas #Gift!  #Crypto! #Mining #Rewards! #Bitcoin https://t.co/N4K86i8F39"
2022-11-10 07:10:33+00:00,AgnesRobinsonA1,1590602795329417216,@ALHarp55 The wait is over!  Monetize your movements! #getfit @ https://t.co/FbrfaOR6z2 #MoveToEarn #Travel2Earn @gladietladi @NobleMoody_357
2022-11-08 20:43:18+00:00,GetFitMining,1590082556506300416,"MINING IS NOW LIVE!! https://t.co/ge8m1wsQlK Check it out!! Best #Move2Earn, #Play2Earn, #Travel2Earn app out there!!! Whether you‚Äôre an advanced #exerciser or just getting out for a #walk, #GetFitMining #rewards you!! Great #Christmas #Gift!  #Crypto! #Mining #Rewards! #Bitcoin https://t.co/KgvKetKvZX"
2022-11-08 17:21:20+00:00,SwannCWC,1590031731851431936,"@SydneyIfergan @ArivaWonderland Thanks for the giveaway ! Guys, Travel2Earn is in advance in Ariva Wonderland thanks @SydneyIfergan üî• https://t.co/Jk0fhofst7"
2022-11-08 04:05:41+00:00,Attawit_Yo,1589831496483110912,"Happy Loy Krathong Day.
Don't miss our first AMA with @NookfreeGodDefi 
only @ https://t.co/HswwwAip2t

@Tripster_live #Tripster #Travel2Earn https://t.co/hbqIbG7O6T"
2022-11-07 18:36:13+00:00,roqqustv,1589688186250625024,"@Airtnt_io Ready for this
My alarm is set
#AMA
#AirTnT 
#Travel2Earn"
2022-11-07 18:35:02+00:00,roqqustv,1589687887779753984,"@Airtnt_io I can't miss this
#Minting
#NFT
#Airtnt
#Travel2Earn"
2022-11-07 17:24:51+00:00,GetFitMining,1589670225775333379,"MINING IS NOW LIVE!! https://t.co/0X15nzPksT Check it out!! Best #Move2Earn, #Play2Earn, #Travel2Earn app out there!!! Whether you‚Äôre an advanced #exerciser or just getting out for a #walk, #GetFitMining #rewards you!! Great #Christmas #Gift!  #Crypto! #Mining #Rewards! #Bitcoin https://t.co/GQu3M3wrKE"
2022-11-06 21:41:36+00:00,highterthinking,1589372450847920129,#GetFit is changing my life! #CryptoMining #Move2Earn #Play2Earn #Travel2Earn Monetizing your #MOVEMENT https://t.co/WvYzQIFTgV
2022-11-06 03:02:27+00:00,Kuan_Wei_How,1589090808447537152,"Take a little trip with family. Earn a little money for next trip. Join in @xtrip_travel, enjoy your life! üö∂üõ¥üö≤üõµüöóüöåüöÇüöàüöÑüõ´üöÄüåí

#xtrip #giveway #tester #whitelist #M2E #travel2earn https://t.co/AYutJl0np0 https://t.co/sLEj6KVAGo"
2022-11-05 19:24:39+00:00,roqqustv,1588975600529989633,"@Airtnt_io I can't miss the NFT minting. My alarm is set already.
#NFTMinting 
#Travel2earn
#Airtnt"
2022-11-04 22:09:40+00:00,GetFitMining,1588654738953977862,"MINING IS NOW LIVE!! https://t.co/ge8m1wsiwc Check it out!! Best #Move2Earn, #Play2Earn, #Travel2Earn app out there!!! Whether you‚Äôre an advanced #exerciser or just getting out for a #walk, #GetFitMining #rewards all of your #movement 24/7 with #Crypto #Mining #Rewards! #Bitcoin https://t.co/iZshPGdSpl"
2022-11-04 16:20:17+00:00,ShaneeRobinson8,1588566813021196288,Don‚Äôt just stand by and observe when you can join #Getfit and #Befit as you earn crypto #getfitmining.com #tagcoin  #hifi  #move2earn #play2earn #travel2earn  now on the blockchain it‚Äôs a #winwin https://t.co/aunqObhmqv
2022-11-03 20:17:53+00:00,GetFitMining,1588264220562317312,"MINING IS NOW LIVE!! https://t.co/ge8m1waH7C Check it out!! Best #Move2Earn, #Play2Earn, #Travel2Earn app out there!!! Whether you‚Äôre an advanced #exerciser or just getting out for a #walk, #GetFitMining #rewards all of your #movement 24/7 with #Crypto #Mining #Rewards! https://t.co/PCw5M0gCI0"
2022-11-03 20:14:20+00:00,GetFitMining,1588263326311583746,"MINING IS NOW LIVE!! https://t.co/ge8m1waH7C Check it out!! Best #Move2Earn, #Play2Earn, #Travel2Earn app out there!!! Whether you‚Äôre an advanced #exerciser or just getting out for a #walk, #GetFitMining #rewards all of your #movement 24/7 with #Crypto #Mining #Rewards! https://t.co/5MYJIYb5JP"
2022-11-02 22:05:20+00:00,GetFitMining,1587928873768886275,"1‚É£ Follow us
2‚É£ Retweet
3‚É£ Tag 3 friends &amp; comment below
https://t.co/ge8m1waH7C If an advanced #exerciser or just out for a #walk, #GetFitMining #rewards all of your #MOVEMENT  24/7 with #Crypto Mining Rewards! #workout #cryptocurrecy #Move2Earn #Play2Earn #TRAVEL2EARN #Bitcoin https://t.co/Tel3dPScbs"
2022-11-02 22:05:03+00:00,GetFitMining,1587928804097679361,"1‚É£ Follow us
2‚É£ Retweet
3‚É£ Tag 3 friends &amp; comment below
https://t.co/ge8m1wsQlK If an advanced #exerciser or just out for a #walk, #GetFitMining #rewards all of your #MOVEMENT  24/7 with #Crypto Mining Rewards! #workout #cryptocurrecy #Move2Earn #Play2Earn #TRAVEL2EARN #Bitcoin https://t.co/QQ6h4w9N30"
2022-11-02 22:04:29+00:00,GetFitMining,1587928660194926592,"1‚É£ Follow us
2‚É£ Retweet
3‚É£ Tag 3 friends &amp; comment below
https://t.co/ge8m1waH7C If an advanced #exerciser or just out for a #walk, #GetFitMining #rewards all of your #MOVEMENT  24/7 with #Crypto Mining Rewards! #workout #cryptocurrecy #Move2Earn #Play2Earn #TRAVEL2EARN #Bitcoin https://t.co/Py9pDqRbGz"
2022-11-01 19:59:02+00:00,GetFitMining,1587534703636144164,"1‚É£ Follow us
2‚É£ Retweet
3‚É£ Tag 3 friends &amp; comment below
https://t.co/ge8m1wsiwc If an advanced #exerciser or just out for a #walk, #GetFitMining #rewards all of your #MOVEMENT  24/7 with #Crypto Mining Rewards! #workout #cryptocurrecy #Move2Earn #Play2Earn #TRAVEL2EARN #Bitcoin https://t.co/EmCEFYgYCY"
2022-11-01 19:58:38+00:00,GetFitMining,1587534602683518978,"1‚É£ Follow us
2‚É£ Retweet
3‚É£ Tag 3 friends &amp; comment below
https://t.co/ge8m1wsiwc If an advanced #exerciser or just out for a #walk, #GetFitMining #rewards all of your #MOVEMENT  24/7 with #Crypto Mining Rewards! #workout #cryptocurrecy #Move2Earn #Play2Earn #TRAVEL2EARN #Bitcoin https://t.co/EtnGkOg8K1"
2022-10-31 09:07:12+00:00,Kemsguy7,1587008274636972034,"@Airtnt_io AirTnT's services are just electrifying.  It's their uniqueness for me
#AirTnT
#Travel2Earn"
2022-10-27 21:37:29+00:00,Ra_wife,1585747539441029120,"1‚É£ Follow us
2‚É£ Retweet
3‚É£ Tag 3 friends &amp; comment below
https://t.co/rYAD8Uc2x6 If an advanced #exerciser or just out for a #walk, #GetFitMining #rewards all of your #MOVEMENT  24/7 with #Crypto Mining Rewards! #workout #cryptocurrecy #Move2Earn #Play2Earn #TRAVEL2EARN #Bitcoin https://t.co/8Lhvd5qRAe"
2022-10-27 20:51:12+00:00,GetFitMining,1585735888973475840,"1‚É£ Follow us
2‚É£ Retweet
3‚É£ Tag 3 friends &amp; comment below
https://t.co/ge8m1wsQlK If an advanced #exerciser or just out for a #walk, #GetFitMining #rewards all of your #MOVEMENT  24/7 with #Crypto Mining Rewards! #workout #cryptocurrecy #Move2Earn #Play2Earn #TRAVEL2EARN #Bitcoin https://t.co/GiozYw89h2"
2022-10-27 20:47:36+00:00,GetFitMining,1585734983813337088,"MINING IS NOW LIVE! https://t.co/ge8m1wsQlK Check it out Best #Move2Earn, #Play2Earn, #Travel2Earn #app out there!!! Whether you‚Äôre an advanced #exerciser or just getting out for a #walk, #GetFitMining #rewards all of your #MOVEMENT  24/7 with Crypto Mining #Rewards! https://t.co/LBNI4OSejZ"
2022-10-26 18:11:33+00:00,GetFitMining,1585333327095287809,"MINING IS NOW LIVE! https://t.co/ge8m1wsQlK Check it out Best #Move2Earn, #Play2Earn, #Travel2Earn #app out there!!! Whether you‚Äôre an advanced #exerciser or just getting out for a #walk, #GetFitMining #rewards all of your #MOVEMENT  24/7 with Crypto Mining #Rewards! https://t.co/rk9sYzwh5N"
2022-10-26 11:49:15+00:00,steple1020,1585237116271091713,"@Barndog_Solana Wanna see you again mate ‚ò∫Ô∏è
Let me know when you come Japan . Let catch you up üëç

We are traveling around the Japan with STEPN now .
Travel2Earn üòÅ

I hope you have fun running around the world üî•

STEPN to da MooonüöÄ"
2022-10-25 21:35:56+00:00,GetFitMining,1585022370946785281,"MINING IS NOW LIVE! https://t.co/ge8m1waH7C Check it out Best #Move2Earn, #Play2Earn, #Travel2Earn #app out there!!! Whether you‚Äôre an advanced #exerciser or just getting out for a #walk, #GetFitMining #rewards all of your #MOVEMENT  24/7 with Crypto Mining #Rewards! https://t.co/58TGU2LNuH"
2022-10-25 20:48:49+00:00,GetFitMining,1585010515159359488,"MINING IS NOW LIVE! https://t.co/ge8m1waH7C Check it out Best #Move2Earn, #Play2Earn, #Travel2Earn #app out there!!! Whether you‚Äôre an advanced #exerciser or just getting out for a #walk, #GetFitMining #rewards all of your #MOVEMENT  24/7 with Crypto Mining #Rewards! https://t.co/iCs0M6YKWY"
2022-10-25 17:27:23+00:00,GetFitMining,1584959823891730433,"MINING IS NOW LIVE! https://t.co/ge8m1waH7C Check it out Best #Move2Earn, #Play2Earn, #Travel2Earn #app out there!!! Whether you‚Äôre an advanced #exerciser or just getting out for a #walk, #GetFitMining #rewards all of your #MOVEMENT  24/7 with Crypto Mining #Rewards! https://t.co/iI6FsSl41M"
2022-10-25 03:25:07+00:00,ShaneeRobinson8,1584747857374236673,Yesss!!! So glad I can earn crypto 24/7/365 #getfit #move2earn #play2earn #travel2earn #tagcoin https://t.co/9SqsluOS4n
2022-10-24 23:04:30+00:00,Nico69009,1584682273194246147,@SydneyIfergan @ArivaWonderland Do you know when play2earn / travel2earn starts ?
2022-10-24 18:12:23+00:00,GetFitMining,1584608759632261121,"MINING IS NOW LIVE! https://t.co/ge8m1wsQlK Check it out Best #Move2Earn, #Play2Earn, #Travel2Earn #app out there!!! Whether you‚Äôre an advanced #exerciser or just getting out for a #walk, #GetFitMining #rewards all of your #MOVEMENT  24/7 with Crypto Mining #Rewards! https://t.co/YtncWzyxR4"
2022-10-24 18:12:12+00:00,GetFitMining,1584608712194330624,"MINING IS NOW LIVE! https://t.co/ge8m1waH7C Check it out Best #Move2Earn, #Play2Earn, #Travel2Earn #app out there!!! Whether you‚Äôre an advanced #exerciser or just getting out for a #walk, #GetFitMining #rewards all of your #MOVEMENT  24/7 with Crypto Mining #Rewards! https://t.co/z2s4sLoszz"
2022-10-24 11:44:52+00:00,roqqustv,1584511235621457920,"@Airtnt_io Always in for @Airtnt_io when it comes to tourism.
Anticipating for more
#Travel2Earn
#tourism"
2022-10-22 14:05:53+00:00,roqqustv,1583821951931326464,"@Airtnt_io @0xPolygon @polygonstudios Congratulations to the team. This is great. 
#airtnt
#polygon
#Travel2Earn"
2022-10-22 13:58:18+00:00,roqqustv,1583820040000147459,"@Airtnt_io Thanks for this but how do I get the NFT-E, I love traveling and would love to use @Airtnt.
#travel2Earn
#crypto"
2022-10-21 18:42:54+00:00,GetFitMining,1583529275151425537,"MINING IS NOW LIVE! https://t.co/ge8m1waH7C Check it out Best #Move2Earn, #Play2Earn, #Travel2Earn #app out there!!! Whether you‚Äôre an advanced #exerciser or just getting out for a #walk, #GetFitMining #rewards all of your #MOVEMENT  24/7 with Crypto Mining #Rewards! https://t.co/3w21c2O6jG"
2022-10-20 19:29:41+00:00,GetFitMining,1583178662408466432,"MINING IS NOW LIVE! https://t.co/ge8m1waH7C Check it out Best #Move2Earn, #Play2Earn, #Travel2Earn #app out there!!! Whether you‚Äôre an advanced #exerciser or just getting out for a #walk, #GetFitMining #rewards all of your #MOVEMENT  24/7 with Crypto Mining #Rewards! https://t.co/NOQMxOYrTI"
2022-10-19 17:43:10+00:00,roqqustv,1582789466271334400,"@Airtnt_io This is one of the projects I am looking out to enjoy its features because I love traveling.
#Travel2earn
#Airtnt"
2022-10-19 17:14:57+00:00,GetFitMining,1582782368058077185,"MINING IS NOW LIVE! https://t.co/ge8m1wsQlK Check it out Best #Move2Earn, #Play2Earn, #Travel2Earn #app out there!!! Whether you‚Äôre an advanced #exerciser or just getting out for a #walk, #GetFitMining #rewards all of your #MOVEMENT  24/7 with Crypto Mining #Rewards! https://t.co/v8U6dXgTkF"
2022-10-19 17:14:44+00:00,GetFitMining,1582782311573389314,"MINING IS NOW LIVE! https://t.co/ge8m1wsQlK Check it out Best #Move2Earn, #Play2Earn, #Travel2Earn #app out there!!! Whether you‚Äôre an advanced #exerciser or just getting out for a #walk, #GetFitMining #rewards all of your #MOVEMENT  24/7 with Crypto Mining #Rewards! https://t.co/qufYENpGbV"
2022-10-19 17:14:33+00:00,GetFitMining,1582782265209548800,"MINING IS NOW LIVE! https://t.co/ge8m1wsQlK Check it out Best #Move2Earn, #Play2Earn, #Travel2Earn #app out there!!! Whether you‚Äôre an advanced #exerciser or just getting out for a #walk, #GetFitMining #rewards all of your #MOVEMENT  24/7 with Crypto Mining #Rewards! https://t.co/eCYYbLrihe"
2022-10-18 22:22:26+00:00,GetFitMining,1582497357966741504,"MINING IS NOW LIVE! https://t.co/ge8m1wsQlK Check it out Best #Move2Earn, #Play2Earn, #Travel2Earn #app out there!!! Whether you‚Äôre an advanced #exerciser or just getting out for a #walk, #GetFitMining #rewards all of your #MOVEMENT  24/7 with Crypto Mining #Rewards! https://t.co/8pnLhryxGQ"
2022-10-18 22:21:53+00:00,GetFitMining,1582497220846186496,"MINING IS NOW LIVE! https://t.co/ge8m1waH7C Check it out Best #Move2Earn, #Play2Earn, #Travel2Earn #app out there!!! Whether you‚Äôre an advanced #exerciser or just getting out for a #walk, #GetFitMining #rewards all of your #MOVEMENT  24/7 with Crypto Mining #Rewards! https://t.co/xEZ1qkbrVA"
2022-10-18 22:21:39+00:00,GetFitMining,1582497163695001600,"MINING IS NOW LIVE! https://t.co/ge8m1wsQlK Check it out Best #Move2Earn, #Play2Earn, #Travel2Earn #app out there!!! Whether you‚Äôre an advanced #exerciser or just getting out for a #walk, #GetFitMining #rewards all of your #MOVEMENT  24/7 with Crypto Mining #Rewards! https://t.co/aVMRabelkt"
2022-10-18 22:21:29+00:00,GetFitMining,1582497118765604865,"MINING IS NOW LIVE! https://t.co/ge8m1wsQlK Check it out Best #Move2Earn, #Play2Earn, #Travel2Earn #app out there!!! Whether you‚Äôre an advanced #exerciser or just getting out for a #walk, #GetFitMining #rewards all of your #MOVEMENT  24/7 with Crypto Mining #Rewards! https://t.co/zuC4VjlI5Y"
2022-10-17 18:24:57+00:00,Turistoleg,1582075208172642304,"That you can complement with‚Ä¶
#Travel2Earn providing consulting
#EmptyNest travel to overcome it!
#Travel2BeHealthier‚Ä¶. 
I love Touristology!
I hate #Ageism!!!"
2022-10-17 17:40:58+00:00,GetFitMining,1582064137969942529,"MINING IS NOW LIVE! https://t.co/ge8m1waH7C Check it out Best #Move2Earn, #Play2Earn, #Travel2Earn #app out there!!! Whether you‚Äôre an advanced #exerciser or just getting out for a #walk, #GetFitMining #rewards all of your #MOVEMENT  24/7 with Crypto Mining #Rewards! https://t.co/uqSu35Po9M"
2022-10-17 17:39:37+00:00,GetFitMining,1582063796482633728,"MINING IS NOW LIVE! https://t.co/ge8m1wsQlK Check it out Best #Move2Earn, #Play2Earn, #Travel2Earn #app out there!!! Whether you‚Äôre an advanced #exerciser or just getting out for a #walk, #GetFitMining #rewards all of your #MOVEMENT  24/7 with Crypto Mining #Rewards! https://t.co/3sC8IjbsTB"
2022-10-17 17:39:05+00:00,GetFitMining,1582063665951694849,"MINING IS NOW LIVE! https://t.co/ge8m1wsQlK Check it out Best #Move2Earn, #Play2Earn, #Travel2Earn #app out there!!! Whether you‚Äôre an advanced #exerciser or just getting out for a #walk, #GetFitMining #rewards all of your #MOVEMENT  24/7 with Crypto Mining Rewards! https://t.co/DLOAefdwJx"
2022-10-17 17:38:56+00:00,GetFitMining,1582063626474885121,"MINING IS NOW LIVE! https://t.co/ge8m1wsQlK Check it out Best #Move2Earn, #Play2Earn, #Travel2Earn #app out there!!! Whether you‚Äôre an advanced #exerciser or just getting out for a #walk, #GetFitMining #rewards all of your #MOVEMENT  24/7 with Crypto Mining Rewards! https://t.co/e2b3Cbl9XI"
2022-10-17 04:40:18+00:00,GetFitNft,1581867677190041600,"üî• MINING IS NOW LIVE!! https://t.co/qrvOsVyU34  Move2Earn, Play2Earn, Travel2Earn app out there!!! Whether you‚Äôre an advanced exerciser or just getting out for a walk, GetFit Mining rewards all of your movement 24/7 with Crypto Mining Rewards! üî•üî•üî•üî•"
2022-10-16 21:54:00+00:00,AldrichLocquiao,1581765427189153792,"Get Fit Mining!üí™‚õèÔ∏èüí∞üì≤üòÅ

Owning this NFT will allow you to be rewarded in multiple coins from your daily steps, sleep, Travel, distance gone, workouts, calories burned an more!üí™üíØüí∞üì≤

This is the first play2earn, move2earn, travel2earn, NFT

Watchüëâhttps://t.co/C8gyn6Dh1p https://t.co/BVKtumWTmL"
2022-10-14 19:55:03+00:00,GetFitMining,1581010718266396673,"MINING IS NOW LIVE! https://t.co/ge8m1wsQlK Check it out Best #Move2Earn, #Play2Earn, #Travel2Earn #app out there!!! Whether you‚Äôre an advanced #exerciser or just getting out for a #walk, #GetFitMining #rewards all of your #MOVEMENT  24/7 with Crypto Mining Rewards! https://t.co/3gbKMjMhcd"
2022-10-14 19:54:53+00:00,GetFitMining,1581010675572256768,"MINING IS NOW LIVE! https://t.co/ge8m1waH7C Check it out Best #Move2Earn, #Play2Earn, #Travel2Earn #app out there!!! Whether you‚Äôre an advanced #exerciser or just getting out for a #walk, #GetFitMining #rewards all of your #MOVEMENT  24/7 with Crypto Mining Rewards! https://t.co/0DyZqgMUpu"
2022-10-14 19:54:40+00:00,GetFitMining,1581010623215075329,"MINING IS NOW LIVE! https://t.co/ge8m1wsQlK Check it out Best #Move2Earn, #Play2Earn, #Travel2Earn #app out there!!! Whether you‚Äôre an advanced #exerciser or just getting out for a #walk, #GetFitMining #rewards all of your #MOVEMENT  24/7 with Crypto Mining Rewards! https://t.co/uXYA3Ybox3"
2022-10-14 19:54:30+00:00,GetFitMining,1581010578482425856,"MINING IS NOW LIVE! https://t.co/ge8m1waH7C Check it out Best #Move2Earn, #Play2Earn, #Travel2Earn #app out there!!! Whether you‚Äôre an advanced #exerciser or just getting out for a #walk, #GetFitMining #rewards all of your #MOVEMENT  24/7 with Crypto Mining Rewards! https://t.co/6ZVA6cSWqy"
2022-10-13 21:16:47+00:00,GetFitMining,1580668898705227776,"MINING IS NOW LIVE! https://t.co/ge8m1waH7C Check it out Best #Move2Earn, #Play2Earn, #Travel2Earn #app out there!!! Whether you‚Äôre an advanced #exerciser or just getting out for a #walk, #GetFitMining #rewards all of your #MOVEMENT  24/7 with Crypto Mining Rewards! https://t.co/yZHZ6hYKGo"
2022-10-13 21:16:25+00:00,GetFitMining,1580668806594109440,"MINING IS NOW LIVE! https://t.co/ge8m1waH7C Check it out Best #Move2Earn, #Play2Earn, #Travel2Earn #app out there!!! Whether you‚Äôre an advanced #exerciser or just getting out for a #walk, #GetFitMining #rewards all of your #MOVEMENT  24/7 with Crypto Mining Rewards! https://t.co/fRk3ATg5HR"
2022-10-13 21:15:46+00:00,GetFitMining,1580668640893943811,"MINING IS NOW LIVE! https://t.co/ge8m1waH7C Check it out Best #Move2Earn, #Play2Earn, #Travel2Earn #app out there!!! Whether you‚Äôre an advanced #exerciser or just getting out for a #walk, #GetFitMining #rewards all of your #MOVEMENT  24/7 with Crypto Mining Rewards! https://t.co/HYZjyJvJt4"
2022-10-13 21:13:43+00:00,GetFitMining,1580668127997673472,"MINING IS NOW LIVE!! https://t.co/ge8m1waH7C Check it out!! Best Move2Earn, Play2Earn, Travel2Earn app out there!!! Whether you‚Äôre an advanced exerciser or just getting out for a walk, GetFit Mining rewards all of your movement 24/7 with Crypto Mining Rewards! https://t.co/baDe7eTkO4"
2022-10-12 16:11:17+00:00,kaizulyf01,1580229630652428288,"@Airtnt_io This is good. New opening for everyone, and better investment ahead.
#Travel2Earn"
2022-10-10 11:07:01+00:00,Abhijeetcg,1579428282524925954,"üîπ@ArivaWonderland daily active users growing everyday üôåüöÄ

ü™ê #Ariva #Metaverse real report between 14 Aug - 13 Sept on the pic. 

üõ∏ Still creator, Travel2Earn etc are not ready yet! Imagine the traffic flowing to #ArivaWonderland after full releaseü§û üòá

#ARV #altcoin #Crypto https://t.co/crYl4yM2b3"
2022-10-10 10:52:11+00:00,SwannCWC,1579424549049077762,"@JRNYcrypto @ArivaWonderland i have no doubt, Travel2Earn soon available in the Metaverse üöÄ https://t.co/6vyS8zVor1"
2022-10-09 19:44:56+00:00,ArivaWonderland,1579196232974880768,"Metaverse: ‚ÄúX‚Äù has 38 daily active users in a $1.3B ecosystem.

A smart customer can be convinced only once!

#ArivaWonderland real report between 14 Aug - 13 Sept on the pic. Although creator, Travel2Earn etc ara not ready yet!

Let's try to be more honest and transparent! üôè https://t.co/IE5QodjKqV"
2022-10-03 18:02:27+00:00,SwannCWC,1576996113336320001,@AltcoinDailyio @ArivaWonderland for sure ! The first tourism oriented Metaverse ! üöÄ With Travel2earn soon üëÄ https://t.co/ILOhl87siy
